Country,Survey,Women 8,Women 9 ,Women 10,Women 11,Women 12,Women 13,Women 14,Women 15,Women 16,Women 18,Women 20,Men 8,Men 9,Men 10,Men 11,Men 12,Men 13,Men 14,Men 15,Men 16,Men 18,Men 20
Zambia,2018 DHS + Sakas et al. 2024,0.07,0.1,0.23,0.64,2.44,6.25,16.54,36.08,52.07,73,81.9,0.07,0.1,0.23,0.64,2.44,6.25,16.54,36.08,52.07,73,81.9
Zambia Western,2018 DHS + Sakas et al. 2024,0.00001,0.00002,0.09,0.55,3.01,12.5,28.38,53.1,68.43,85.77,90.78,0.00001,0.00002,0.09,0.55,3.01,12.5,28.38,53.1,68.43,85.77,90.78
Zambia Luapula,2018 DHS Sakas et al. 2024,0.07,0.07,0.42,1.2,3.47,7.57,15.84,34.72,51.84,73.2,82.39,0.07,0.07,0.42,1.2,3.47,7.57,15.84,34.72,51.84,73.2,82.39
Cote d'Ivoire,2021 DHS,0.06,0.1,0.5,1.32,3.22,7.62,18.66,38.2,55.33,78.22,86.44,0.06,0.1,0.5,1.32,3.22,7.62,18.66,38.2,55.33,78.22,86.44
Cote d'Ivoire Denguele,2021 DHS,0.18,0.27,1,2.47,6.12,12.6,22.83,45.11,59.36,80.82,89.32,0.18,0.27,1,2.47,6.12,12.6,22.83,45.11,59.36,80.82,89.32