,location,par1,par2,dist
0,Zambia,16.028581097378567,2.267629237830668,lognormal
1,Zambia Western,14.96911561397122,1.6902057765137453,lognormal
2,Zambia Luapula,16.04340789021541,2.2159803757548353,lognormal
3,Cote d'Ivoire,15.83223168432649,2.1453515367905065,lognormal
4,Cote d'Ivoire Denguele,15.46455347163028,1.9491882299853358,lognormal
