,location,par1,par2,dist
0,Zambia,15.870544090056287,2.1313682748150784,normal
1,Zambia Western,14.874595469255663,1.6122436501764257,normal
2,Zambia Luapula,15.892523364485982,2.0865459742737738,normal
3,Cote d'Ivoire,15.68884997081144,2.0228436824693756,normal
4,Cote d'Ivoire Denguele,15.343157894736843,1.8469682096318465,normal
