,location,par1,par2,dist
0,Zambia,17.821874544003656,4.007149535997491,lognormal
1,Zambia Western,15.66494261934247,2.630053246455419,lognormal
2,Zambia Luapula,17.865493092086542,3.7123041209304293,lognormal
3,Cote d'Ivoire,19.336645543920135,3.9422412426088105,lognormal
4,Cote d'Ivoire Denguele,20.384181721967412,3.34703035332799,lognormal
