,location,par1,par2,dist
0,Zambia,17.38777372262774,3.586154833840799,normal
1,Zambia Western,15.448717948717949,2.4361954691386143,normal
2,Zambia Luapula,17.49185667752443,3.3581011794680617,normal
3,Cote d'Ivoire,18.94689378757515,3.57472036101081,normal
4,Cote d'Ivoire Denguele,20.108732513111185,3.097792239877586,normal
